node_name,MCC,DMNC,MNC,Degree,EPC,BottleNeck,EcCentricity,Closeness,Radiality,Betweenness,Stress
Hoxb8,1,0,1,1,2.033,1,0.2,215.7,3.91022,0,0
Noto,2,0,1,2,5.587,1,0.2,248.2,4.28638,0.43647,64
Irf8,23,0.25546,13,17,28.942,1,0.25,285.58333,4.6192,26.45025,1586
Nr3c2,690,0.30824,63,79,84.485,6,0.25,336.25,4.9257,2553.88738,96022
Nkx6-3,3,0,1,3,4.747,1,0.2,238.7,4.17492,0.75895,50
Cdx2,14,0.38896,5,18,32.104,1,0.2,266.61667,4.44427,93.49933,4784
Cux1,3,0,1,3,5.777,1,0.2,235.53333,4.16099,0.54866,44
Tp73,1,0,1,3,3.266,3,0.25,221.08333,3.99071,308.96156,18732
Cux2,4,0,1,6,1.315,2,0.2,191.25,3.50619,1300.3109,253004
Tp53,1,0,1,2,1.036,1,0.16667,146.75,2.50774,0,0
Lin54,4,0.30512,16,20,33.019,1,0.25,281.91667,4.56502,51.01812,3122
Rest,8,0.30898,3,7,12.816,1,0.2,255.7,4.35139,5.82931,292
Znf528,3,0,1,3,8.55,1,0.2,253.61667,4.34056,0.5199,62
Znf382,1,0,1,1,3.085,1,0.2,222.7,4.01858,0,0
Znf140,1,0,1,1,3.677,1,0.2,218.95,3.9644,0,0
Nfkb1,160,0.49806,33,37,56.98,2,0.33333,307.16667,4.75542,657.66916,27810
Hes7,2,0,1,3,7.27,1,0.2,224.11667,4.02941,0.20074,28
Hes5,18,0.43905,7,7,16.3,1,0.2,262.78333,4.42415,2.52104,130
Gsx1,2,1.84672,2,4,9.409,1,0.2,270.28333,4.5031,3.69818,646
Uncx,2,0,1,5,10.704,1,0.2,249.45,4.28638,4.61746,304
Nobox,21,0.34102,16,18,38.198,2,0.2,298.95,4.73065,82.83224,4786
Hoxa13,0,0.30898,3,3,7.098,1,0.2,259.36667,4.39164,0.09829,14
E2f8,17,0.23755,11,16,22.932,1,0.2,296.2,4.71517,192.35162,5674
E2f2,19,0.40723,11,28,52.925,2,0.25,284.16667,4.59443,184.96892,10408
Gmeb2,9,0.37893,4,10,13.75,2,0.2,252.11667,4.31269,128.21223,3848
Mybl2,45,0.2634,26,33,52.489,1,0.25,301.75,4.72291,172.18409,10428
Rfx5,2,0,1,4,6.81,1,0.2,224.45,4.03406,0.9078,80
Pax1,29,0.52927,14,26,32.807,1,0.2,293.03333,4.65789,475.03263,24206
Foxq1,7,0.2842,4,5,10.192,1,0.2,264.95,4.44427,4.5172,252
Hesx1,3,0.46346,3,4,7.037,1,0.2,262.95,4.42879,4.88324,294
Arx,30,0.41666,14,18,33.426,1,0.2,301.86667,4.7678,36.79493,2902
Alx4,4,0.77244,3,5,8.435,1,0.2,244.2,4.24768,2.02367,152
Pax7,23,0.39487,16,28,43.604,1,0.2,286.45,4.60372,236.9374,19496
Lhx2,64,0.41136,18,21,38.654,1,0.2,295.95,4.70124,47.95578,2466
Dlx5,2,0,1,2,4.576,1,0.2,234.86667,4.14861,0.47092,64
Hoxd10,5,0.25931,5,6,14.277,1,0.2,281.11667,4.59752,8.68643,818
Hoxb9,5,0.25931,5,6,13.457,1,0.2,281.11667,4.59752,8.68643,818
Cdx4,6,0.30898,3,5,12.191,1,0.2,264.78333,4.44737,4.39652,386
Hoxc12,2,0.30898,3,5,10.162,1,0.2,270.53333,4.5,6.59996,596
Hoxc10,5,0.25931,5,6,13.903,1,0.2,281.11667,4.59752,8.68643,818
Cdx1,3,0,1,3,6.176,1,0.2,245.86667,4.27245,1.68677,152
Hoxc9,5,0.25931,5,6,12.973,1,0.2,281.11667,4.59752,8.68643,818
Barx2,1080,0.20347,84,113,102.488,25,0.25,351.08333,4.98607,8884.91102,258610
Tcf7l1,306,0.36612,41,44,54.592,4,0.25,324.91667,4.89474,761.93861,27212
Hoxa7,2,0,1,2,2.72,1,0.2,237.28333,4.17337,3.41143,276
Hoxb5,1,0,1,2,5.68,1,0.16667,222.61667,3.99381,0,0
Evx2,4,0.30898,3,3,6.755,1,0.2,249.61667,4.30186,0.55836,70
Evx1,3,0.30779,2,4,9.105,1,0.2,247.36667,4.28019,1.68461,180
Emx2,4,0.56839,4,11,17.002,1,0.2,274.61667,4.52786,103.93267,2852
Dlx6,4,0.30779,2,5,10.364,1,0.2,271.36667,4.50464,13.52813,1270
Dlx4,5,0.30898,3,6,9.252,1,0.2,275.7,4.5418,19.76205,1724
Lhx6,41,0.23943,10,29,23.551,1,0.2,290.45,4.6161,827.14682,13386
Lbx1,13,0.36588,7,10,17.766,1,0.2,286.2,4.63313,117.57551,3120
Emx1,3,0,1,4,8.208,1,0.2,241.95,4.22446,8.58094,392
Pax4,1,0,1,2,4.51,1,0.25,238.58333,4.18885,1.80604,200
Sox12,130,0.36092,38,49,68.213,1,0.25,314.91667,4.81115,882.09832,53914
Barhl1,1,0,1,1,2.037,1,0.2,212.86667,3.85913,0,0
Nr3c1,281,0.17741,60,72,71.006,3,0.25,327.58333,4.85759,3009.79743,87378
Hoxa5,4,0.30779,2,5,8.783,1,0.2,253.53333,4.32972,11.38204,724
Rfx2,29,0.2782,16,22,38.263,1,0.2,287.11667,4.62229,61.12884,4174
Prop1,1,0,1,1,2.285,1,0.2,221.86667,4.02012,0,0
Phox2a,3,0.30779,2,4,8.492,1,0.2,239.28333,4.19969,4.27345,122
Phox2b,1,0,1,1,2.692,1,0.2,221.86667,4.02012,0,0
Pbx2,3,0,1,3,4.534,1,0.2,240.11667,4.20124,0.53082,48
Nr1h3,26,0.25452,11,25,32.14,1,0.2,284.45,4.58359,173.5485,5228
Six3,8,0.58344,5,32,73.762,1,0.2,258.45,4.3808,35.39276,16528
Rxra,50,0.56562,18,31,46.036,2,0.2,291.11667,4.64396,283.41913,16380
Rxrg,1,0,1,1,1.601,1,0.2,202.36667,3.72291,0,0
Sox1,3,0.30779,2,3,5.908,1,0.2,235.36667,4.14396,2.2749,116
Zfp42,6,0.30779,2,6,10.634,1,0.2,261.45,4.40712,8.72551,472
Lhx3,3,0.30779,2,5,10.246,1,0.2,235.95,4.15325,1.67945,90
Maff,26,0.22992,13,24,29.76,1,0.2,280.78333,4.55728,156.22109,5772
Tlx2,4,0.30779,2,4,6.366,1,0.2,256.95,4.37307,9.87722,782
Hoxb2,2,0,1,2,3.056,1,0.16667,232.86667,4.11455,2.72139,226
Gbx1,2,0,1,3,6.689,1,0.2,253.78333,4.33127,2.42318,230
Bsx,4,0.30898,3,5,9.3,1,0.2,269.61667,4.48607,9.22679,894
Shox2,29,0.30733,12,27,43.169,1,0.2,284.78333,4.59907,99.82882,6424
Rax2,1,0,1,2,4.731,1,0.2,246.61667,4.25851,1.00559,112
Prrx1,1,0,1,2,5.002,1,0.2,246.61667,4.25851,1.00559,112
Msx3,6,0.30898,3,7,9.839,1,0.2,272.7,4.50929,38.06886,1536
Lbx2,3,0,1,4,7.586,1,0.2,259.95,4.39164,6.11549,552
Msx1,69,0.28086,23,31,61.264,1,0.2,307.95,4.79412,83.56387,7610
Isx,28,0.16892,14,30,33.361,6,0.2,302.36667,4.7291,563.60771,14492
En2,15,0.25611,7,14,16.868,1,0.2,289.86667,4.65325,215.94288,5168
Shox,1,0,1,2,5.434,1,0.2,246.61667,4.25851,1.00559,112
Prrx2,50,0.21412,22,32,47.38,1,0.25,312.5,4.82508,443.01125,15554
Zfp57,31,0.25611,7,21,30.689,1,0.2,288.36667,4.62384,103.99698,3456
Lef1,11,0.47549,6,9,15.911,1,0.2,269.45,4.47988,35.99886,2586
E2f4,3,0,1,4,3.763,1,0.2,228.28333,4.09752,4.11485,316
Sox21,13,0.40246,7,11,26.696,1,0.2,272.36667,4.50619,28.60429,1624
Ovol2,2,0,1,2,3.736,1,0.2,226.28333,4.03406,1.65956,64
Ovol1,2,0,1,2,4.483,1,0.2,226.28333,4.03406,1.65956,64
Irf9,44,0.38048,17,37,45.692,1,0.2,278.95,4.5387,238.04288,12104
Tef,769,0.4412,58,101,125.329,1,0.2,330.28333,4.89319,1571.89168,126522
Nr1h2,0,0,1,1,3.485,1,0.16667,214.11667,3.89628,0,0
Zic5,4,0.30779,2,4,5.32,1,0.2,240.53333,4.21207,2.87541,88
Hoxd11,4,0.2842,4,6,12.707,1,0.2,274.95,4.5387,9.01876,838
Hoxa11,7,0.23775,6,7,16.171,1,0.2,284.11667,4.62229,11.43307,1130
Hmx2,9,0.51861,5,6,11.715,1,0.2,272.86667,4.51548,5.37551,544
Ventx,3,0,1,4,8.184,1,0.2,262.11667,4.41796,4.97679,372
Rax,2,0,1,3,7.746,1,0.2,258.95,4.38854,0.97657,160
Hoxc11,7,0.23775,6,7,14.172,1,0.2,284.11667,4.62229,11.43307,1130
Esx1,2,0.30779,2,3,7.73,1,0.2,255.78333,4.34985,0.93019,170
Sry,9,0.2842,4,7,12.99,1,0.2,275.45,4.5356,8.16896,900
Glis3,2,0,1,3,8.317,1,0.2,230.45,4.09443,1.02899,72
Irf2,15,0.37893,4,11,12.118,1,0.2,268.2,4.4582,41.56397,1456
Znf274,2,0,1,3,4.214,1,0.2,238.86667,4.19195,0.96905,70
Isl1,281,0.2684,40,60,65.443,2,0.25,317.91667,4.81115,1610.18167,53566
Dmrt1,7,0,1,9,18.745,1,0.2,260.11667,4.39164,16.49357,1160
Creb3l1,181,0.37001,35,57,92.793,1,0.2,313.45,4.80805,453.7622,49184
Cenpb,3,0,1,3,6.616,1,0.2,238.7,4.20588,2.07706,78
Etv2,46,0.67828,21,27,56.319,2,0.2,306.28333,4.78173,74.43499,7300
Msx2,70,0.34102,16,34,45.846,1,0.2,310.11667,4.80186,558.79059,17894
Crx,7,0.30779,2,7,12.856,1,0.2,258.78333,4.3839,11.3454,452
Nfkb2,6,0.47366,4,7,17.527,1,0.2,260.78333,4.40712,2.22888,362
Hmbox1,11,0.37893,4,15,16.266,1,0.2,264.53333,4.41022,120.11932,3886
Nfe2,46,0.27602,23,30,42.9,2,0.25,300.25,4.72136,1573.56785,47204
Irf4,45,0.31718,33,60,88.482,1,0.25,303,4.71207,540.94866,23000
Znf143,2,0,1,2,3.917,1,0.16667,221.7,3.99381,2.16091,10
E2f3,275,0.26442,54,76,83.863,2,0.2,331.95,4.91486,2633.4671,103106
Isl2,6,0.32413,5,7,10.342,1,0.2,262.36667,4.41022,32.51198,818
Dmrt3,139,0.29729,24,35,62.831,1,0.2,290.78333,4.63003,105.10178,18426
Tcf21,6,0.58344,5,14,21.167,1,0.2,270.78333,4.48762,21.94546,1092
Hsf2,9,0.32413,5,7,11.095,1,0.25,262.16667,4.42105,10.70853,588
Hsf1,6,0.61795,3,13,18.241,1,0.2,271.36667,4.5,58.75321,2618
Pou1f1,16,0.38186,9,17,39.015,1,0.2,273.86667,4.52167,37.6383,11220
Mafg,7,0.30779,2,8,9.43,1,0.2,257.86667,4.37461,19.36108,784
Foxn3,51,0.31587,18,26,31.881,1,0.25,281.58333,4.56037,163.3405,5602
Srf,8,0.47366,4,7,13.833,1,0.2,260.36667,4.40248,5.39354,224
Hsf4,14,0.38896,5,9,14.735,1,0.2,272.03333,4.50464,18.9095,820
Rxrb,6,0.30898,3,7,13.126,1,0.2,252.45,4.33437,13.72075,876
Gata5,154,0.28021,39,99,103.426,1,0.25,320.75,4.84985,1891.34645,105794
Nhlh2,5,0.30779,2,6,8.04,1,0.2,243.78333,4.23839,9.08422,374
Ferd3l,12,0.33284,6,10,20.144,1,0.2,262.28333,4.41641,5.13307,424
Znf423,13,0.32413,5,10,13.408,1,0.2,265.61667,4.44118,40.35381,1182
Pax9,5,0.30779,2,5,6.873,1,0.16667,235.86667,4.16254,9.7356,114
Mef2d,31,0.35633,11,30,33.143,1,0.25,296.16667,4.67337,416.47343,11412
Mef2b,3,0.61795,3,7,11.894,1,0.25,255,4.35139,16.12563,706
Sox11,2,0.30779,2,2,6.678,1,0.2,228.7,4.08359,0,0
Hoxa9,0,0,1,1,3.567,1,0.2,231.36667,4.11765,0,0
Bach2,309,0.47045,61,94,113.726,3,0.25,340.58333,4.96285,3536.2186,251372
Creb5,34,0.43705,25,35,53.231,1,0.25,297.58333,4.68421,356.26656,15104
Atf7,14,0.45045,14,23,47.806,1,0.2,283.2,4.58669,181.65751,8602
Jdp2,2,0.69819,14,21,48.119,1,0.25,285.5,4.61765,13.8294,2822
Atf1,116,0.33349,21,31,45.482,1,0.25,296.08333,4.68266,224.54934,8896
Tbx3,2519,0.52707,70,81,93.682,5,0.2,342.78333,4.97833,1344.88646,54278
Tbx4,7,0.4794,23,24,40.962,2,0.25,307.25,4.78793,79.6103,5098
Tbx15,419,0.37292,44,46,55.932,1,0.25,326,4.89783,665.74456,21788
Znf136,1,0,1,1,2.641,1,0.2,227.2,4.07121,0,0
Spib,651,0.40629,38,47,64.58,2,0.25,315.58333,4.82043,405.17442,15568
Sox14,13,0.25931,5,10,14.723,1,0.25,277.75,4.55573,16.05425,1458
Sox8,9,0.61557,2,12,17.933,2,0.25,281.83333,4.58978,56.79901,2746
Sox9,13,0.29157,8,13,21.66,1,0.25,286.58333,4.63622,32.26764,3020
Nfil3,32,0.37162,14,21,35.928,1,0.25,290.08333,4.64861,130.70021,4698
Osr1,314,0.61108,46,76,114.679,1,0.25,317.25,4.81734,520.78687,124188
Meox1,24,0.27934,10,17,21.987,1,0.2,282.78333,4.58978,72.96516,2510
Esrrb,85,0.31518,25,34,57.558,1,0.2,300.95,4.71672,111.56643,7272
Rarg,21,0.37042,13,31,45.721,1,0.2,281.45,4.56656,115.48484,7238
Rarb,2279,0.27008,71,91,91.851,5,0.2,344.78333,4.96904,5179.84617,186980
Yy1,1425,0.42311,67,105,125.861,2,0.25,344.25,4.9969,1435.65198,111594
Junb,0,0.72963,11,17,39.901,1,0.25,279.41667,4.57121,5.12821,1282
Dlx1,32,0.5012,9,12,22.164,1,0.2,282.45,4.59752,17.50735,984
Vsx2,29,0.36588,7,16,24.057,1,0.25,281.41667,4.5774,183.88771,5684
Vsx1,5,0,1,5,9.287,1,0.2,258.36667,4.38235,9.2527,348
Hoxc13,4,0.30779,2,6,13.961,1,0.2,275.86667,4.54334,11.17154,970
Hoxd12,5,0.30898,3,6,14.496,1,0.2,279.03333,4.57585,9.69486,890
Thap11,4,0,1,4,9.461,1,0.2,249.11667,4.29102,11.02591,344
Nr1d1,1706,0.51072,66,103,116.869,1,0.25,334.41667,4.91486,1963.39814,127582
Pou6f1,6,0.46346,3,5,9.193,1,0.2,261.78333,4.41641,2.40774,224
Pou6f2,19,0.36588,7,8,12.072,1,0.2,273.53333,4.52167,35.38708,822
Creb3,14,0.54298,11,18,32.204,1,0.2,280.78333,4.56966,49.33225,3104
Dlx3,9,0.2842,4,8,15.357,1,0.2,284.7,4.62539,27.93202,2208
Hmx1,11,0.51861,5,8,16.501,1,0.2,280.78333,4.58359,17.69884,1370
Barhl2,0,0.30779,2,2,3.553,1,0.2,219.36667,3.9644,0,0
Lhx1,3,0,1,3,4.601,1,0.2,224.61667,4.03406,2.14375,58
Nr1i2,5,0,1,5,7.789,1,0.2,241.86667,4.22446,9.16864,272
Plag1,68,0.25441,27,38,53.047,2,0.25,306.58333,4.76161,280.36872,10980
Dprx,4,0,1,4,7.832,1,0.2,239.45,4.19195,3.22263,144
Bcl6b,8,0.40246,7,8,18.621,1,0.2,267.78333,4.47059,19.30295,688
Rorc,3,0.30779,2,4,5.005,1,0.2,239.7,4.20898,3.25376,116
Bhlhe41,1248,0.52306,63,102,110.527,1,0.25,327.91667,4.86378,1224.64614,60698
Mitf,720,0.26867,66,96,93.582,8,0.25,339.25,4.93808,4720.80707,213338
Usf2,34,0.30023,23,37,61.898,1,0.2,309.36667,4.8096,170.48566,14118
Usf1,42,0.31493,19,32,50.637,1,0.2,304.36667,4.77554,119.45421,11014
Irf1,11,0.25931,5,9,16.151,1,0.2,273.7,4.52477,42.91326,1336
Gmeb1,3,0,1,5,10.906,1,0.2,235.11667,4.15944,2.23841,86
Eomes,222,0.51436,21,22,37.537,1,0.25,290.83333,4.64551,33.03974,1744
Nfatc3,154,0.20481,41,96,105.278,3,0.25,320.08333,4.84365,1371.18295,80404
Nfatc2,34,0.15117,27,30,41.245,1,0.25,312.83333,4.83127,315.06878,11970
Gfi1,5,0.30898,3,4,7.673,1,0.2,239.95,4.20279,2.72107,78
Cebpe,13,0.25931,5,15,24.887,1,0.2,264.2,4.4257,49.75452,2524
Cebpd,21,0.2864,9,16,23.316,1,0.25,274.08333,4.51238,78.20692,2114
Dbp,292,0.36169,26,33,47.825,2,0.2,306.11667,4.7709,475.62468,15162
Cebpb,19,0.43896,10,20,30.118,1,0.25,273.5,4.5031,57.49901,2542
Cebpa,27,0.20489,12,13,19.755,1,0.25,281.41667,4.58204,36.28274,1326
Tgif2,464,0.57025,30,38,71.001,1,0.2,312.11667,4.81424,105.64059,11314
Tgif1,11,1.23152,4,16,20.091,1,0.2,265.7,4.42724,210.7169,13288
Pknox2,234,0.31377,40,48,66.442,3,0.2,313.61667,4.79721,363.05498,19146
Hoxd4,11,0.37893,4,7,16.651,1,0.2,270.7,4.49536,15.15297,1030
Hoxb4,9,0.46346,3,6,10.066,1,0.2,264.2,4.43808,8.64832,630
Hoxa4,7,0.30898,3,6,11.915,1,0.2,266.2,4.45666,12.12179,798
Xbp1,4,0.30898,3,11,20.808,1,0.2,264.61667,4.43498,13.15582,744
Sox15,35,0.25037,15,21,32.96,1,0.25,303.91667,4.77245,127.85572,7972
Stat6,81,0.35004,20,33,50.122,1,0.33333,299.16667,4.71207,413.44405,41046
Pax6,15,0.45378,5,11,13.193,1,0.2,280.28333,4.57585,93.39114,2680
E2f7,6,0.24241,18,21,40.875,1,0.2,282.78333,4.57276,64.36891,2406
Foxj2,497,0.51147,42,56,84.231,1,0.25,321.58333,4.86378,623.7333,35036
Smad5,948,0.32308,52,69,77.678,1,0.25,332.91667,4.9226,1404.59491,49416
Smad3,454,0.26101,54,72,76.287,20,0.25,333.41667,4.90867,5704.2047,168530
Nr2e3,26,0.33413,9,19,32.182,1,0.25,298.58333,4.73375,107.10891,3982
Alx1,0,2.16283,3,39,94.514,1,0.2,263.45,4.43653,0,0
Smad4,491,0.34794,42,57,70.327,3,0.25,328.08333,4.91176,1506.4719,56448
Nr1h4,131,0.24193,35,50,59.401,1,0.25,309.75,4.76935,737.62934,29432
Nfatc1,99,0.34203,26,32,49.076,1,0.25,308.58333,4.79257,184.63438,9146
Hoxb13,4,0.32413,5,5,8.728,1,0.2,266.95,4.4582,6.52518,468
Rfx4,20,0.2148,9,18,27.288,1,0.2,276.78333,4.54489,61.38388,3560
Zbtb32,15,0.38896,5,18,26.593,1,0.2,289.95,4.65325,141.32143,4492
Vdr,93,0.19923,35,45,56.257,1,0.2,315.86667,4.82353,797.12138,38168
Myog,32,0.37239,17,37,59.904,1,0.2,298.2,4.71827,153.24137,17604
Mtf1,12,0.25931,5,11,18.178,1,0.2,267.36667,4.45975,42.76841,1480
Ddit3,142,0.24169,34,37,46.375,2,0.25,311.41667,4.79102,614.82913,15626
Zbtb33,18,0.2148,9,15,26.307,1,0.2,276.2,4.53096,25.29957,1006
Nr5a1,83,0.27635,20,30,41.364,3,0.25,302.75,4.73839,249.67823,8388
Pou5f1b,12,0.30898,3,12,15.322,1,0.2,270.53333,4.48297,74.56088,2498
Pou3f4,966,0.31653,36,65,75.585,1,0.25,315.33333,4.81424,877.84056,37106
Pou3f2,135,0.30586,39,50,69.186,4,0.2,316.45,4.81734,1136.97997,44690
Pou3f1,134,0.21385,27,35,45.629,1,0.2,318.28333,4.86223,577.45484,16842
Pou2f3,10,0.30898,3,9,15.658,1,0.25,272.08333,4.50774,16.04393,1062
Pou2f2,45,0.2423,16,23,36.169,1,0.25,293.75,4.67337,109.10502,5298
Six2,23,0.26253,9,12,17.816,2,0.2,282.03333,4.58978,122.52006,2850
Six1,214,0.29153,31,44,55.125,1,0.25,302.91667,4.72755,434.87383,22756
Msgn1,12,0.64826,5,16,28.389,1,0.2,289.7,4.66718,72.96397,5098
Neurod2,5,0.30779,2,8,9.694,1,0.2,251.28333,4.31579,18.33051,834
Nr6a1,251,0.55243,32,46,85.818,1,0.2,314.11667,4.82353,136.99459,33310
Mecom,496,0.38774,31,46,70.161,2,0.2,316.03333,4.82817,1333.87249,77666
Hnf1b,2,0,1,3,9.405,1,0.2,242.61667,4.23529,0.41509,44
Hnf1a,2,0,1,3,7.408,1,0.2,242.61667,4.23529,0.41509,44
Elf2,1260,0.3038,44,57,68.301,2,0.25,316.08333,4.80341,655.3674,23352
Elf4,75,0.33205,16,26,39.94,6,0.2,294.78333,4.67492,406.7598,17532
Elf5,88,0.29885,35,39,58.921,1,0.25,316.91667,4.8452,288.97854,13760
Gabpa,151,0.28462,35,41,64.552,1,0.2,323.45,4.90093,284.95057,18242
Duxa,4,0.92336,2,4,7.121,1,0.2,253.78333,4.3452,3.73119,166
Dux4,9,0.51861,5,6,7.874,1,0.2,263.2,4.42879,7.12081,250
Znf24,8,0.37893,4,14,30.598,1,0.25,289.08333,4.66718,36.12165,4724
Znf652,7,0.30779,2,8,15.406,1,0.2,263.36667,4.42724,6.6048,392
Hoxd13,4,0.30779,2,4,7.604,1,0.2,245.53333,4.25851,1.50328,112
Sox5,133,0.40736,22,24,44.08,1,0.2,302.7,4.74768,89.00097,5654
Gsc2,5,0.30779,2,5,10.673,1,0.2,263.45,4.43498,1.83275,198
Dmbx1,13,0.42794,6,7,15.747,1,0.2,272.45,4.51238,3.61739,232
Pitx3,4,0.30779,2,4,10.303,1,0.2,258.11667,4.387,1.19788,116
Otx2,5,0.46346,3,4,8.348,1,0.2,255.03333,4.35759,1.22023,90
Otx1,6,0.46346,3,5,11.552,1,0.2,264.78333,4.44582,4.85813,242
Pitx1,5,0.30779,2,5,9.727,1,0.2,260.45,4.40557,4.99093,274
Gsc,28,0.32239,11,16,31.2,1,0.2,284.45,4.60991,37.59769,2072
Gata2,2,0.32239,11,13,27.021,1,0.2,279.03333,4.56347,14.32895,1424
Tead2,38,0.28153,14,19,35.833,1,0.25,293.08333,4.67957,73.55983,4500
Tead4,803,0.492,45,54,78.923,2,0.25,326.91667,4.90402,1127.45613,48584
Tead1,3428,0.41219,91,131,124.255,7,0.25,353.25,5.01238,3617.50698,187574
Pitx2,834,0.25674,64,87,89.117,4,0.25,342.58333,4.96285,3622.95095,119792
Rhoxf1,6,0.61557,2,7,18.659,1,0.2,265.86667,4.45511,8.33729,504
Gata4,32,0.41136,18,24,45.855,2,0.25,308.91667,4.81734,178.96453,8750
Zbtb12,43,0.28143,19,23,35.142,1,0.2,295.61667,4.69195,104.22028,6230
Myb,136,0.22693,25,32,52.276,1,0.25,314.5,4.85294,568.68966,24432
Rfx7,29,0.39514,12,16,34.92,1,0.2,293.03333,4.68266,65.09656,3232
Lhx5,0,0.30779,2,3,6.712,1,0.2,243.95,4.23375,0,0
Hoxc8,0,0,1,2,6.569,1,0.2,230.11667,4.08204,0,0
Hoxc4,6,0.25931,5,7,13.959,1,0.2,276.03333,4.54644,17.84126,1130
Hoxb7,3,0.30898,3,4,7.347,1,0.2,262.11667,4.4195,3.6546,398
Hoxb6,1,0.30779,2,3,5.858,1,0.2,252.78333,4.32972,5.23854,510
Hoxa6,0,0,1,1,3.187,1,0.2,230.11667,4.08204,0,0
Hoxa1,0,0.30779,2,3,6.593,1,0.2,243.95,4.23375,0,0
Drgx,3,0.30898,3,4,8.641,1,0.2,262.11667,4.4195,3.6546,398
Argfx,0,0.30898,3,4,7.302,1,0.2,253.86667,4.34056,1.11672,140
Hoxd9,2,0.30779,2,4,6.753,1,0.2,255.78333,4.35449,11.00335,594
Hoxd3,15,0.33284,6,7,16.101,1,0.2,280.2,4.58359,17.41614,1526
Hoxd8,1,0,1,2,4.553,1,0.2,240.95,4.20743,1.82712,234
Hoxb3,4,0.30898,3,4,9.206,1,0.2,276.45,4.55573,6.06202,1138
Hoxa2,3,0.2842,4,6,12.702,1,0.2,265.11667,4.43653,14.95201,986
Hoxa10,1,0.2842,4,8,19.573,1,0.2,283.45,4.6161,25.98501,2434
Hmx3,10,0.51861,5,7,13.035,1,0.2,283.53333,4.61765,12.97063,1726
Gsx2,9,0.25931,5,6,13.119,1,0.2,275.53333,4.53715,14.89542,1332
Dlx2,36,0.37055,15,18,34.927,1,0.25,299.91667,4.74303,40.24121,2426
Vax2,1,0.30898,3,4,10.29,1,0.2,260.28333,4.40248,2.21057,206
Vax1,1,0.30898,3,4,9.741,1,0.2,260.28333,4.40248,2.21057,206
Mnx1,10,0.3321,13,20,38.166,1,0.2,300.03333,4.74768,66.06226,5196
Meox2,31,0.5854,12,16,26.992,1,0.2,292.86667,4.68111,179.43888,4548
Lhx4,1,0,1,2,5.204,1,0.2,241.11667,4.20743,0.55681,52
Lmx1b,5,0.66569,6,29,74.71,1,0.2,280.28333,4.58669,66.75487,18134
Nkx6-2,39,0.30045,15,19,32.572,1,0.2,299.28333,4.73839,131.08866,5784
Nkx6-1,39,0.67307,16,45,91.153,1,0.2,299.78333,4.72755,211.52508,39616
Mixl1,1,0,1,2,5.842,1,0.2,259.86667,4.39474,1.46884,368
Alx3,16,0.23755,11,13,18.526,2,0.2,291.7,4.68266,198.15776,6600
mix-a,1,0.30779,2,3,6.298,1,0.2,252.61667,4.32817,0.89038,68
Arid3b,87,0.25947,26,45,59.465,3,0.2,304.95,4.75077,436.56654,31002
Arid3a,5,0.30779,2,7,12.541,1,0.2,269.45,4.48607,20.66441,1356
Pdx1,0,0.56839,4,5,7.512,1,0.2,255.36667,4.35139,2.89264,212
Tgif2ly,17,0.43429,13,30,52.126,1,0.2,299.7,4.74768,132.65877,12568
Tgif2lx,17,0.43429,13,28,50.433,1,0.2,299.7,4.74768,126.53561,11880
Arnt2,90,0.3674,28,50,74.816,1,0.2,309.95,4.78793,545.38301,27744
Tfec,188,0.46403,38,60,90.903,2,0.33333,320.83333,4.87307,741.39528,73016
Tfe3,177,0.39617,34,43,68.205,1,0.2,319.45,4.86687,256.07352,15452
Srebf2,244,0.40796,35,56,78.568,1,0.25,323.58333,4.90712,532.20316,33032
Hey1,992,0.45982,47,73,101.987,2,0.25,328.25,4.90712,827.00171,45370
Tbx1,74,0.43245,26,26,49.058,1,0.25,313.16667,4.83746,108.8043,7166
Creb3l2,1260,0.30949,84,131,118.613,2,0.25,355.25,5.02477,7692.05869,314630
Arntl,108,0.36245,29,47,74.398,2,0.2,312.28333,4.81889,310.27922,22728
Bhlhe40,178,0.54569,27,44,78.798,1,0.2,309.78333,4.80186,148.15562,12976
Onecut3,3,0.30779,2,6,10.469,1,0.25,262.08333,4.41486,63.16941,1270
Onecut2,41,0.55472,25,35,52.067,1,0.2,307.78333,4.77399,419.51437,19954
Onecut1,11,0.32413,5,11,15.048,1,0.2,268.2,4.4644,75.11981,2130
Sox6,421,0.20225,78,95,83.286,16,0.25,351.75,5.02632,7031.8674,175866
Plagl1,628,0.27207,127,158,120.598,7,0.25,372.58333,5.0805,18152.681,592904
Thrb,445,0.4301,54,66,98.79,3,0.2,328.45,4.89474,2055.04623,96846
Tbx6,128,0.40192,23,24,43.77,1,0.2,307.36667,4.79102,83.33516,5156
Tbx18,4743,0.27434,125,175,130.542,50,0.25,377.58333,5.11455,12634.95003,488658
Ppard,86,0.23954,25,29,38.718,1,0.2,305.86667,4.75851,504.90122,12868
Mga,1354,0.43689,69,101,125.03,1,0.25,344.58333,4.9969,1555.28446,158156
Tbx21,54,0.2782,16,19,28.29,1,0.2,290.61667,4.65015,69.88903,4008
Nr2f6,57,0.46171,14,18,21.347,1,0.2,280.2,4.55418,106.04914,3234
Dmrtc2,8,0.30898,3,7,10.594,1,0.2,254.03333,4.33437,10.79847,396
Dmrta2,254,0.57423,39,46,76.402,1,0.25,321.41667,4.86842,322.10292,18906
Gata6,274,0.45782,49,67,90.434,2,0.25,327.25,4.90093,1070.15601,82266
Foxd3,24,0.7582,10,10,20.054,1,0.25,293.16667,4.69814,31.65818,2350
Esr1,106,0.36486,24,26,36.778,1,0.25,296.91667,4.68731,248.20936,8846
Gata3,58,0.24286,17,33,47.865,1,0.25,298.41667,4.71672,318.78613,13838
Tbx5,2290,0.46783,76,92,103.554,5,0.25,349.25,5.02167,2340.86144,81490
Batf,220,0.36104,43,77,115.158,1,0.25,328.91667,4.93189,904.61583,129542
Bach1,512,0.31461,52,66,73.488,1,0.25,335.08333,4.95511,1464.06443,53364
Irf6,141,0.50282,37,63,101.44,1,0.25,309.41667,4.76625,325.52849,20380
Znf384,5,0.30898,3,6,10.341,1,0.2,243.36667,4.23529,2.73814,156
Grhl2,24,0.2864,9,16,28.47,1,0.2,284.2,4.60526,165.86512,5306
Grhl1,53,0.45045,14,21,32.085,1,0.2,268.61667,4.44427,69.47638,3766
Mef2c,277,0.41958,47,58,81.195,2,0.25,325.41667,4.89009,2166.74735,110788
Mef2a,458,0.42216,54,71,84.531,6,0.25,334.58333,4.93189,2563.10164,81876
Nr2f2,30,0.22992,13,21,32.811,1,0.25,293.91667,4.67957,128.76055,5968
Cebpg,214,0.67149,36,49,76.846,1,0.2,314.11667,4.81424,207.31828,17622
Atf4,8,0.56839,4,11,22.699,1,0.2,275.95,4.5418,30.95237,1702
Tbx20,566,0.40396,51,57,81.492,3,0.33333,329.66667,4.90867,758.27053,42342
Tbp,9,0.30898,3,11,13.485,3,0.2,256.61667,4.35604,163.73511,5488
Atf3,66,0.56412,27,48,71.723,1,0.25,303.58333,4.73375,633.6097,31070
Hlf,111,0.36681,30,51,68.173,1,0.25,311.58333,4.80805,311.63512,22796
Zkscan5,1441,0.39205,52,60,81.044,2,0.2,334.95,4.95511,796.48003,33328
Gcm1,118,0.18495,30,38,50.333,4,0.25,308.91667,4.77399,512.69906,15090
Batf3,25,0.26715,17,23,38.293,1,0.25,302.25,4.74923,143.98032,6022
Pou4f3,6,0.61795,3,7,15.071,1,0.25,258.41667,4.37152,5.31325,582
Pou4f1,31,0.24269,13,18,31.601,1,0.25,284.41667,4.60681,41.65427,2500
Pou4f2,28,0.71599,9,9,21.168,1,0.25,278.91667,4.57121,6.32659,750
Rara,209,0.35355,32,44,55.074,1,0.25,307.58333,4.75851,703.40837,27152
Zscan4,7,0.92336,2,16,28.049,3,0.25,262.5,4.41486,1959.80569,338884
Olig3,6,0.30779,2,7,15.243,1,0.25,259.08333,4.39009,7.03656,758
Olig1,22,0.20362,11,15,22.676,1,0.25,286.33333,4.62693,53.78947,2562
Bhlhe23,3,0,1,3,3.808,1,0.25,240.83333,4.21827,1.63564,170
Olig2,5,0.6123,8,15,35.355,1,0.25,280.16667,4.58204,19.01759,4014
Twist2,16,0.28863,20,28,45.305,1,0.25,315.41667,4.87152,245.91146,16312
Neurog1,6,0.30779,2,10,17.396,1,0.25,265.75,4.45666,15.97352,1174
Prox1,96,0.44594,24,51,64.743,1,0.33333,302.33333,4.70743,1130.91362,61328
Ewsr1-fli1,5,0.30898,3,4,9.42,1,0.25,251.16667,4.31889,1.63069,148
Foxa3,15,0.47733,9,12,21.141,1,0.25,289.58333,4.65944,23.20802,1762
Foxe1,3,0,1,3,4.112,1,0.25,229.58333,4.09288,312.16897,22788
Foxp3,3,0.37893,4,7,17.866,1,0.25,276.83333,4.55573,4.18059,404
Foxo6,1949,0.38847,81,118,118.255,3,0.25,351.41667,5.02012,2483.96058,134762
Foxo4,3,0.37893,4,7,16.412,1,0.25,276.83333,4.55573,4.18059,404
Foxd2,1,1.08141,3,5,11.178,1,0.25,245.41667,4.26161,0.35359,44
Foxc2,4,0.38039,6,7,13.843,1,0.25,272.41667,4.51858,8.00372,536
Foxo3,24,0.49393,23,26,49.153,1,0.25,311.5,4.83127,129.46336,8928
Pou5f1,28,0.32657,14,19,27.118,1,0.25,296.75,4.71053,109.45994,5486
Foxi1,3,0.37893,4,7,14.925,1,0.25,276.83333,4.55573,4.18059,404
Foxl1,52,0.25584,30,38,53.202,2,0.25,323.08333,4.90557,733.42931,27758
Foxd1,34,0.39487,16,27,36.341,1,0.25,301.91667,4.73994,184.85925,6886
Nkx3-2,23,1.19332,9,14,21.738,1,0.25,284.83333,4.6161,97.45988,5674
Tfcp2,363,0.56472,45,94,110.426,1,0.25,326.41667,4.8808,1802.40153,125266
Fosl2,519,0.41821,57,175,158.634,1,0.25,339.41667,4.98297,2687.5308,302562
Fosl1,50,0.47469,30,75,108.238,1,0.25,315.58333,4.8483,344.61845,45168
Fosb,213,0.47632,40,89,113.587,3,0.25,326.08333,4.91176,1513.50162,105322
Fos,5380,0.40282,86,147,142.467,1,0.25,357.91667,5.06811,4055.65599,243164
Crem,418,0.39833,54,83,104.303,1,0.25,327.91667,4.88235,1382.87048,66782
Jund,498,0.51148,43,55,82.409,3,0.25,324.75,4.89628,513.92599,27594
Hinfp,60,0.48748,25,29,40.683,3,0.2,303.78333,4.73994,359.15865,13694
Nhlh1,295,0.39083,27,44,65.479,1,0.2,308.11667,4.78328,265.14696,23236
Atf6,5,0,1,7,10.432,1,0.2,247.2,4.26935,5.40922,350
Zscan29,18,0.51861,5,9,12.307,1,0.25,265.33333,4.44118,31.64459,976
Zkscan1,13,0.58344,5,10,15.219,1,0.25,264.91667,4.43034,39.54897,1214
Dux,4475,0.23608,112,162,124.34,8,0.2,376.28333,5.12848,12706.998,370110
Esrra,147,0.46095,34,47,71.409,1,0.25,319.91667,4.86687,491.41017,23274
Hnf4g,0,0.25623,183,231,141.681,33,0.25,404.75,5.20588,30514.304,969230
Hnf4a,0,0.52686,12,17,36.856,1,0.2,296.36667,4.72136,20.50429,1604
Stat5b,51,0.39414,14,19,36.783,2,0.25,292.91667,4.68266,66.35222,7004
Zbtb26,194,0.39065,31,34,51.778,2,0.25,319.83333,4.8839,278.24677,12498
Stat5a,1166,0.47632,40,61,87.945,1,0.25,327.25,4.9257,578.28361,40440
Stat4,12,0.35915,10,16,26.675,1,0.25,283.91667,4.60217,49.61803,3086
Bcl6,42,0.64394,12,21,27.845,1,0.25,271.75,4.47833,106.86287,4158
Plagl2,10,0.41281,16,33,54.689,1,0.2,291.86667,4.65635,323.64257,17438
Hic1,165,0.42129,23,26,46.879,2,0.2,311.28333,4.82508,113.15212,6290
Meis3,81,0.25947,26,33,53.522,1,0.2,318.03333,4.87152,311.20268,15282
Pparg,210,0.37914,30,34,56.634,2,0.2,312.95,4.81579,409.1022,17578
Nr1i3,12,0.25931,5,11,25.04,1,0.2,274.95,4.52941,13.15434,816
Maf,30,0.23452,19,28,40.94,1,0.25,298.08333,4.71981,183.16131,8176
Nfe2l2,243,0.59351,40,57,88.758,2,0.25,326.75,4.91176,1218.82807,55304
Nfe2l1,171,0.41146,20,21,37.914,1,0.25,292.91667,4.66563,86.17485,4048
Lhx8,28,0.4296,9,14,28.783,1,0.25,280.16667,4.57585,29.14832,2222
Gata1,87,0.40874,19,25,47.195,1,0.25,303.25,4.76316,87.38833,5998
Klf17,44,0.28863,20,27,43.134,1,0.2,306.95,4.78483,213.78539,9432
Glis2,626,0.46937,44,53,77.565,1,0.2,317.95,4.82817,311.18852,20428
Foxh1,22,0.34989,8,12,18.259,1,0.2,279.28333,4.56347,44.54026,1544
Tbr1,214,0.24644,36,42,52.019,1,0.25,313.33333,4.80805,471.37108,15700
Osr2,647,0.39365,56,64,85.002,2,0.2,333.28333,4.92724,1026.85292,40284
Hand2,77,0.26923,16,19,29.493,1,0.25,294.5,4.68576,153.47358,5526
Atoh7,10,0.40246,7,12,20.591,1,0.2,286.53333,4.63467,29.80874,1902
Myf6,10,0.42794,6,13,22.766,1,0.2,267.11667,4.46285,41.06741,2218
Lmx1a,10,0.32197,12,19,26.913,1,0.2,281.7,4.57585,148.85484,4678
Foxk1,1203,0.32288,80,106,114.451,4,0.33333,348.66667,4.99845,3315.17681,193822
Rhox11,2,0,1,2,5.486,1,0.2,229.78333,4.0805,0.13029,18
Sox4,330,0.28917,43,57,74.504,1,0.25,328.25,4.91331,905.84163,36460
Tbx2,105,0.36184,19,20,38.772,1,0.25,300.16667,4.73529,50.13122,3144
Sox10,157,0.36184,19,23,39.416,1,0.25,308.58333,4.81269,152.75204,7840
Znf684,3,0.30898,3,6,13.464,1,0.2,261.28333,4.40867,7.98564,574
Nkx2-5,1844,0.4628,63,83,95.189,5,0.25,346.25,5.01858,5399.17717,139806
Hey2,2627,0.55309,81,154,143.945,1,0.2,355.78333,5.05263,5553.95076,320840
Klf14,60,0.29232,50,62,91.499,1,0.25,330.58333,4.9257,467.34382,33476
Sp4,4894,0.54222,94,143,143.725,2,0.25,356.75,5.03251,2847.03624,196226
Klf13,1577,0.53172,83,146,139.231,3,0.25,340.75,4.92105,2358.24974,171816
Nr4a1,179,0.43506,49,58,79.624,2,0.25,330.41667,4.91176,1123.71471,44342
Rela,27,0.38186,9,16,28.704,1,0.2,277.78333,4.5418,99.53709,3042
Rel,36,0.54656,20,22,46.209,1,0.2,289.11667,4.63158,26.02636,1810
Nr1d2,4552,0.5137,80,120,128.585,2,0.25,353.08333,5.0356,3197.53396,167640
Nkx2-8,116,0.30023,23,32,57.01,1,0.2,304.61667,4.76625,134.08217,9696
Nkx2-3,123,0.32783,21,26,47.848,1,0.25,306.25,4.78638,86.80593,6902
Zic4,621,0.28999,41,45,52.111,3,0.25,320.66667,4.85759,575.47563,19586
Nr4a2,2460,0.30595,85,105,103.328,3,0.25,355.75,5.0387,5669.03031,166808
Rfx3,715,0.44117,46,65,90.231,1,0.2,328.95,4.91796,620.19639,52662
Rfx1,43,0.33503,19,23,39.204,1,0.2,300.36667,4.7291,140.32589,6162
Ebf1,114,0.2581,27,48,61.563,1,0.25,300.75,4.71362,444.07061,22754
Pou2f1,3194,0.45658,97,139,135.803,1,0.25,355.58333,5.00619,4331.91243,212786
Klf6,416,0.32663,84,122,129.848,1,0.25,350.41667,4.99845,3098.27961,146080
Klf11,9198,0.65043,119,226,161.693,4,0.25,373.75,5.1161,6656.47524,418108
Ets2,45,0.51181,22,26,47.679,1,0.2,303.45,4.74923,276.28723,9134
Hif1a,6525,0.44789,99,127,127.354,1,0.25,356.58333,5.01238,4138.72296,199796
Etv5,308,0.29846,54,62,77.426,1,0.25,336.25,4.96594,1474.09863,55360
Etv3,817,0.4712,49,79,103.506,1,0.25,328.58333,4.90093,1707.47213,105390
Erf,303,0.62179,43,79,108.987,2,0.25,326.25,4.90402,654.40295,55068
Elk3,28,0.26824,13,18,25.828,1,0.25,300.16667,4.74458,133.10812,5970
Fli1,6,0.2842,4,9,14.721,1,0.2,269.45,4.47833,18.38336,1420
Erg,41,0.25215,25,30,40.041,2,0.2,305.61667,4.76006,621.8757,22186
Fev,7,0.25931,5,11,19.283,1,0.25,276.16667,4.5387,28.62909,2058
Ets1,719,0.64751,35,52,81.919,2,0.2,316.28333,4.83437,316.82013,22720
Sp1,265,0.24817,48,63,88.497,1,0.25,331.83333,4.93344,899.14127,41514
Lhx9,741,0.5466,39,41,70.605,1,0.2,325.45,4.90712,375.61416,22616
Elk1,426,0.5977,35,38,63.606,1,0.25,323.08333,4.90248,153.36227,12960
Zbtb6,583,0.26782,54,68,76.251,1,0.25,337,4.95046,3337.96728,94164
Znf449,241,0.28048,38,39,52.996,2,0.25,320.41667,4.86533,1103.55528,36812
Klf10,7146,0.41263,96,115,124.446,1,0.25,361.08333,5.06656,2498.81588,118944
Thap1,1463,0.44797,65,106,121.198,10,0.25,341.75,4.97368,3223.11932,172200
Myf5,152,0.31441,30,67,79.051,1,0.33333,318.66667,4.84675,1510.12077,86004
Tfap4,771,0.48967,53,94,97.897,1,0.25,331.91667,4.93189,1987.6498,92084
Sox3,98,0.30028,31,35,53.568,1,0.25,324.25,4.9257,498.16032,23832
Foxa2,324,0.34558,53,80,104.742,1,0.25,333.41667,4.94272,919.0903,65108
Vezf1,42,0.30992,23,38,55.248,1,0.2,297.61667,4.68885,778.07055,27946
Tfap2e,122,0.30971,27,52,80.481,1,0.25,315.75,4.85294,399.93576,31268
Znf740,186,0.3226,43,71,99.185,1,0.25,322.58333,4.87307,408.61446,35258
Sp2,304,0.54815,40,49,81.874,1,0.25,325.91667,4.91331,554.69205,27468
Rreb1,0,0.52146,88,270,162.438,2,0.25,356.75,5.05418,6270.63629,769970
Etv6,3401,0.34301,104,132,123.273,7,0.25,366.08333,5.08514,7207.20243,242318
Elf3,1146,0.57817,39,48,76.57,1,0.2,324.28333,4.89938,273.69476,23912
Ehf,1072,0.44992,36,39,55.081,1,0.2,320.95,4.87771,279.2094,12378
Elk4,1176,0.4864,43,66,94.604,1,0.25,325.41667,4.89938,688.43726,46914
Elf1,684,0.51097,36,40,65.087,1,0.2,322.61667,4.89319,170.58475,13330
Znf135,13,0.25931,5,10,12.542,1,0.2,260.03333,4.387,43.00462,1032
Nr2c1,293,0.32586,38,44,58.426,1,0.25,322.08333,4.8808,395.27726,20706
Rorb,727,0.16339,83,102,76.234,7,0.2,351.95,4.99226,12537.59722,330702
Rora,203,0.35519,39,62,83.205,4,0.2,323.86667,4.88545,980.08104,45940
Foxf1,25,0.24976,18,23,41.539,1,0.25,306.41667,4.79102,100.42569,5562
Foxk2,18,0.24879,12,22,32.092,1,0.25,307.58333,4.80495,127.80186,7356
Foxj3,16,0.52304,6,11,19.014,1,0.25,284.16667,4.6161,28.06594,1716
Foxg1,10,0.2864,9,13,22.69,1,0.25,297.08333,4.7291,32.907,2688
Foxp2,48,0.51894,26,38,58.475,2,0.25,316.41667,4.86223,521.36961,30166
Foxp1,219,0.21308,61,100,109.023,4,0.25,340.58333,4.96904,3930.38215,310804
Foxf2,5,0,1,7,13.481,1,0.25,262.08333,4.4195,13.01842,756
Nr2e1,15,0.32073,8,9,18.626,1,0.2,284.53333,4.62229,20.0229,1056
Ctcf,52,0.22108,20,29,43.909,1,0.25,305.83333,4.76316,375.248,10978
Nr2c2,1266,0.35514,61,68,82.631,1,0.25,340.75,4.98607,1148.70501,45188
Ppara,8,0.30543,11,15,22.702,1,0.2,295.36667,4.70279,101.84825,4558
Scrt2,24,0.2864,9,12,18.308,1,0.2,283.95,4.60991,60.2411,2500
Scrt1,199,0.2624,32,54,50.294,1,0.2,317.61667,4.8065,2714.25829,71432
Esrrg,861,0.28652,60,93,106.065,2,0.33333,341.5,4.97523,3766.22231,172764
Nr2f1,2828,0.45142,67,98,119.021,1,0.25,341.41667,4.97368,1574.51652,106544
Etv1,4340,0.44569,74,81,94.91,1,0.25,351.08333,5.0418,1736.66553,71284
En1,126,0.22544,33,40,47.56,1,0.25,314.75,4.82508,846.24059,24676
Atf2,915,0.44592,56,90,115.099,1,0.25,331.08333,4.90248,1757.83148,98560
Znf75d,331,0.37289,32,40,65.345,1,0.25,323.5,4.90557,703.37031,26100
Tcf7l2,109,0.22531,29,35,43.529,1,0.2,306.95,4.76625,489.05733,15008
Jun,1963,0.79791,70,119,130.963,1,0.33333,344.66667,4.99845,2296.55424,143138
Esr2,160,0.52725,27,72,106.487,1,0.33333,320.66667,4.89938,1221.96707,405474
Tcf7,42,0.86346,12,25,51.704,1,0.2,283.95,4.60062,226.04969,17128
Pbx1,6117,0.40173,88,131,130.947,1,0.25,356.58333,5.04644,4595.60659,224754
Znf317,39,0.30045,15,20,40.906,1,0.25,306.83333,4.79721,90.69557,6224
Nrl,5,0.61795,3,8,15.992,1,0.2,271.11667,4.5,23.3969,948
Mafb,23,0.25096,17,22,34.505,1,0.2,295.45,4.6904,140.63221,5588
Relb,471,0.54567,34,43,72.896,1,0.2,308.78333,4.7678,249.11504,12530
Klf16,3970,0.44092,93,143,143.078,1,0.25,359.75,5.06347,1863.84957,144656
Mzf1,2001,0.38222,80,106,110.569,6,0.25,356.08333,5.06656,3767.14988,140820
Klf4,0,0.61371,119,176,152.227,1,0.25,377.75,5.15325,4414.69359,289744
Gli3,223,0.36129,34,37,53.505,1,0.25,317.41667,4.84985,363.31933,11960
Zic2,170,0.22101,39,47,65.961,1,0.25,328.83333,4.93653,1502.33202,44498
Gcm2,29,0.54893,9,12,21.03,1,0.25,287.5,4.64087,44.74262,2274
Foxo1,65,0.68167,20,28,55.964,1,0.25,308.91667,4.81424,187.39177,10128
Mxi1,3030,0.59984,85,167,145.545,1,0.25,356.91667,5.06502,3253.48502,208092
Nfib,1311,0.31997,71,109,103.434,9,0.25,349.75,5.01703,5622.29339,177370
Nfix,510,0.53822,43,63,98.669,2,0.2,332.78333,4.96594,614.23864,63794
Zic3,161,0.3018,24,26,48.64,1,0.2,302.7,4.74149,113.1583,5222
Tcfl5,216,0.36627,36,62,83.716,1,0.2,318.28333,4.84675,863.31542,48982
Neurog2,149,0.25584,30,43,57.776,2,0.25,315,4.83901,674.18325,27132
Twist1,229,0.31194,31,36,52.401,1,0.2,321.03333,4.8839,705.24079,20646
Zbtb18,1842,0.63891,54,83,108.911,1,0.25,330.75,4.91486,556.33466,39908
Tal1,155,0.18093,42,63,61.181,6,0.25,315.41667,4.79412,1797.23049,56750
Etv4,4499,0.48909,83,108,117.243,1,0.25,353.41667,5.03251,2452.73604,123814
Neurod1,110,0.32432,24,29,46.055,1,0.2,310.28333,4.8096,523.07249,17624
Nr5a2,439,0.43785,45,65,90.082,1,0.25,326.58333,4.90093,913.68593,37634
Barx1,123,0.36486,24,29,43.8,1,0.2,311.03333,4.81269,325.76184,10832
Gli2,1536,0.42049,70,92,109.17,1,0.25,336.58333,4.9195,1444.11976,76206
Mafk,309,0.33739,69,107,118.735,9,0.33333,342.16667,4.97833,4629.16719,179004
Zfx,1708,0.40502,58,68,85.3,2,0.25,337.91667,4.96904,1032.81643,41086
Nkx3-1,116,0.41673,26,57,96.46,1,0.25,308.41667,4.78173,430.82828,74580
Hand1,346,0.38748,40,45,63.248,1,0.25,328.08333,4.93653,588.26518,22798
Bhlhe22,193,0.30896,34,71,90.744,1,0.25,317.41667,4.84985,713.3286,62670
Bhlha15,108,0.28049,33,60,74.521,1,0.25,322.41667,4.89628,673.826,48622
Atoh1,835,0.4874,39,60,84.752,1,0.25,323.58333,4.89164,644.56288,43718
Nfyc,3706,0.49687,79,105,117.727,1,0.2,352.78333,5.04025,2105.55552,102702
Nfya,606,0.42238,45,53,67.979,1,0.2,330.28333,4.93963,604.10205,27600
Tfap2c,4312,0.3572,79,150,137.134,2,0.25,354.75,5.05418,3835.03868,239412
Nfyb,2630,0.47798,76,111,119.308,1,0.25,348.25,5.0031,2335.55504,111496
Ahr,424,0.32309,44,57,76.114,1,0.25,334.08333,4.97678,696.41463,38536
Zbtb7a,681,0.62711,41,51,79.776,1,0.25,324.91667,4.89783,431.2716,28710
Gbx2,7,0.46346,3,7,12.682,1,0.2,280.03333,4.58359,30.9517,2008
Insm1,20,0.25128,16,25,36.23,1,0.2,293.95,4.67028,284.21924,9484
E2f1,7,0.30779,2,12,17.399,1,0.2,255.86667,4.35913,51.33618,2060
Nfat5,119,0.29205,39,52,68.922,2,0.25,324.58333,4.90093,510.59318,22190
Egr4,43,0.28334,17,23,42.063,1,0.2,288.45,4.62384,67.36139,4328
Egr3,784,0.5269,57,83,112.541,1,0.2,332.45,4.9195,769.05276,44540
Egr2,75,0.47013,18,24,38.84,1,0.2,291.95,4.6548,106.17568,5532
Pax3,21,0.26242,8,13,19.848,1,0.2,268.86667,4.46904,63.755,2082
Znf281,358,0.27722,46,51,74.147,1,0.25,328.75,4.92105,483.51634,27710
Wt1,1582,0.33056,95,162,144.616,2,0.25,361.91667,5.07121,4736.52714,253578
Creb3l4,85,0.70588,30,49,72.455,2,0.25,310.58333,4.79876,625.3854,28470
Prdm4,716,0.45335,48,59,86.375,1,0.2,326.78333,4.89474,1227.79327,48608
Nkx2-2,37,0.26923,16,29,45.287,1,0.25,301,4.72446,420.57124,14176
Nfatc4,16,0.21953,7,15,23.561,1,0.25,274.5,4.52167,52.30658,2776
Msantd3,150,0.23592,33,58,76.875,1,0.25,315.83333,4.82817,723.66231,55124
Spz1,81,0.32218,21,22,41.081,1,0.25,302.83333,4.75387,68.2075,3352
Creb1,209,0.42279,36,55,78.074,1,0.25,319.41667,4.84985,649.23249,32992
E2f6,10355,0.57859,95,128,130.843,5,0.25,362.08333,5.06966,4572.07264,183690
Zic1,169,0.19658,40,47,67.303,1,0.25,326,4.91022,611.48998,27886
Ebf3,79,0.31058,26,44,65.947,1,0.25,308.75,4.78793,430.83314,27376
Ebf2,338,0.38819,48,71,96.519,1,0.25,329.25,4.91331,1524.72401,120148
Meis2,3999,0.4622,100,129,133.205,2,0.25,366.08333,5.09752,4244.22076,240676
Meis1,1328,0.28295,74,91,96.625,1,0.25,349.75,5.02322,3629.65734,110172
Stat2,143,0.33424,22,31,43.712,1,0.2,304.28333,4.75697,234.713,10032
Irf5,6,0.30898,3,7,10.521,1,0.2,260.11667,4.39009,26.45275,818
Runx2,31,0.39597,13,19,27.844,2,0.25,294,4.68421,288.08231,9364
Runx1,3652,0.47974,67,86,99.547,1,0.25,347.66667,5.02477,2348.90858,95148
Stat3,1602,0.55743,59,82,105.158,2,0.25,337.25,4.94118,3054.59035,121624
Znf341,113,0.27913,26,31,54.863,1,0.25,313.16667,4.83437,171.57499,8840
Sohlh2,82,0.31493,19,40,63.449,1,0.25,298.25,4.69659,515.76509,24056
Mnt,2598,0.47098,44,59,75.626,1,0.25,322.58333,4.86378,1333.69025,48508
Clock,7,0.32413,5,17,19.732,1,0.2,271.2,4.49071,78.08759,4006
Tfeb,224,0.35132,34,49,78.091,1,0.2,317.45,4.85139,278.66702,18336
Mlxipl,10,0.53845,16,27,49.93,1,0.2,293.61667,4.68576,42.91662,5814
Mlx,7,0.51801,14,27,49.478,1,0.2,283.7,4.59598,45.62949,6276
Npas2,32,0.31924,10,26,39.328,1,0.25,268.33333,4.4582,60.10966,6268
Mlxip,3533,0.66226,44,57,80.935,1,0.25,328.58333,4.9226,578.5036,32476
Mycn,83,0.32381,17,42,61.254,1,0.2,286.95,4.60372,340.16847,17280
Max,1386,0.7795,46,77,90.778,1,0.25,325.08333,4.89009,666.75151,41572
Arnt,4157,0.4955,74,134,131.461,1,0.25,346.58333,4.9969,3242.73817,190032
Rbpj,715,0.50727,54,71,91.861,2,0.25,338.91667,4.99381,1739.71119,75970
Irf3,0,0.30898,3,3,6.069,1,0.2,239.45,4.1935,1.06995,66
Irf7,1,0.30779,2,4,7.252,1,0.2,233.95,4.15325,1.32829,42
Spic,33,0.39058,15,18,31.418,1,0.25,301.08333,4.75697,105.29203,5370
Spi1,76,0.30992,23,31,50.025,1,0.2,309.86667,4.80805,126.31645,7782
Zbtb14,862,0.61846,49,64,94.328,1,0.25,326.75,4.89319,774.22926,40420
Mafa,102,0.31844,26,40,62.446,1,0.2,302.95,4.73529,337.07796,16298
Nrf1,228,0.48394,31,58,75.444,1,0.25,312.58333,4.79876,589.79467,41722
Runx3,34,0.21031,15,19,27.745,1,0.2,292.28333,4.66873,162.18144,5084
Gfi1b,15,0.37893,4,14,23.584,1,0.2,286.61667,4.62539,92.40985,3206
Foxl2,8,0.25931,5,11,18.498,1,0.25,286.91667,4.63932,85.47956,2924
Foxb1,8,0.2842,4,11,21.263,1,0.25,291.75,4.68731,42.30534,3224
Foxa1,13,0.25938,10,16,31.414,1,0.25,296.25,4.71362,62.3294,3726
Stat1,1038,0.32661,62,81,87.401,1,0.25,334.75,4.93034,3060.99496,121850
Foxc1,29,0.3733,11,13,21.89,1,0.25,284.5,4.61455,31.69179,1394
Hic2,644,0.47274,51,73,100.405,3,0.25,325.91667,4.87926,849.17098,41926
Klf15,1321,0.31136,68,95,111.811,1,0.25,335.91667,4.91641,1089.47394,67132
Tfdp1,305,0.24666,39,46,69.812,1,0.2,319.95,4.84365,889.1741,30312
Egr1,4752,0.43939,99,143,138.292,1,0.25,365.08333,5.09443,2691.6281,157050
Pou3f3,34,0.24879,12,15,26.755,1,0.2,288.36667,4.64241,41.3685,2104
Prdm1,3078,0.50654,84,132,132.883,1,0.25,358.25,5.07121,3617.47836,285474
Klf5,5230,0.41585,119,188,153.064,1,0.25,379.08333,5.16254,4988.24067,305902
Tfap2b,1378,0.30359,60,119,126.232,1,0.25,339.41667,4.97678,1490.82648,118112
Tead3,2120,0.54554,57,72,93.08,2,0.25,337.41667,4.96749,862.19575,52384
Spdef,3,0,1,4,8.122,1,0.2,256.45,4.37152,5.24253,274
Msc,37,0.45045,14,22,35.959,1,0.2,288.36667,4.63932,164.48405,8820
Znf263,5653,0.44945,97,145,142.91,2,0.25,367.25,5.11765,3217.54192,188608
Znf460,35,0.21048,17,25,32.837,1,0.2,293.7,4.66563,519.2384,20608
Ctcfl,652,0.27725,59,71,88.303,1,0.25,340.25,4.98762,1600.28827,64106
Yy2,117,0.41984,32,42,73.879,2,0.25,310.41667,4.79102,233.88428,11992
Myc,1254,0.48908,23,32,50.157,1,0.25,294.58333,4.67492,109.6263,9246
Znf682,40,0.27035,28,31,48.483,1,0.25,306.25,4.7678,194.89387,9506
Pbx3,364,0.27191,37,41,53.1,1,0.25,325.25,4.91641,568.67114,19704
Pknox1,215,0.29445,31,37,51.891,1,0.25,320.58333,4.88854,466.29421,20664
Srebf1,900,0.47317,68,111,108.16,1,0.25,345.25,5.00929,2979.70599,116774
Tfap2a,2128,0.33873,70,138,134.309,1,0.25,348.58333,5.03096,2150.64996,180276
Ikzf1,894,0.42275,44,54,81.537,1,0.25,333.91667,4.96904,948.73779,36910
Zbtb7c,564,0.48886,42,67,95.122,1,0.25,317.75,4.82508,650.99823,36410
Mybl1,17,0.39514,12,15,23.384,1,0.2,276.11667,4.52632,46.34918,1470
Zbtb7b,3746,0.76164,51,83,118.076,1,0.25,331.25,4.92879,485.87989,38980
Tcf12,1339,0.36095,73,85,105.078,1,0.25,348.58333,5.01858,1673.16352,81736
Ascl1,298,0.3012,49,91,106.639,1,0.2,331.95,4.93344,1392.44405,108106
Rbpjl,27,0.26715,17,18,30.635,1,0.2,299.2,4.73065,45.28508,2858
Ptf1a,646,0.35343,41,75,88.131,1,0.25,327.58333,4.9257,940.24743,67066
Snai3,50,0.31046,15,17,27.089,1,0.2,294.11667,4.68576,45.61955,2738
Snai1,55,0.31572,17,20,30.837,1,0.2,295.86667,4.6935,67.07691,3710
Hes6,139,0.31451,26,33,50.105,1,0.2,298.45,4.69659,145.32072,6298
Tcf4,2199,0.41387,76,120,135.687,1,0.2,348.95,5.01084,2299.8153,282416
Figla,28,0.35052,15,22,35.451,1,0.2,283.78333,4.59133,76.70284,4416
Ascl2,96,0.3362,28,44,65.153,1,0.2,315.45,4.8452,417.61049,30334
Snai2,139,0.23244,35,42,54.578,1,0.2,320.61667,4.87461,636.8201,22110
Nfia,2937,0.38566,94,139,136.542,2,0.25,356.41667,5.02632,3495.70259,191188
Tcf3,279,0.28093,41,45,63.432,2,0.25,322.33333,4.86687,876.03247,37668
Myod1,46,0.21442,19,22,38.072,1,0.2,298.03333,4.71672,102.41751,7600
Zeb1,6048,0.48944,96,154,144.505,1,0.25,361.08333,5.06656,3678.53908,259076
Prdm15,49,0.26025,16,19,30.128,2,0.2,294.36667,4.68266,385.19074,9504
Sp9,1060,0.34537,83,124,135.326,1,0.25,356.25,5.06192,1519.28434,121342
Klf3,1234,0.62042,68,102,123.367,1,0.25,342.25,4.98142,944.35711,51014
Klf2,1211,0.3516,69,101,118.157,2,0.25,349.75,5.02941,2550.82427,117008
Klf9,9018,0.39692,133,472,173.607,1,0.25,384.91667,5.17337,16904.46435,3471212
Sp8,1770,0.31482,93,139,132.591,1,0.25,358.08333,5.04799,3278.89797,170688
Sp3,2275,0.33586,78,110,129.523,1,0.25,351.75,5.03251,1242.256,86818
Klf12,1731,0.3744,97,150,137.305,4,0.25,356.41667,5.01084,7702.50742,341650
Klf1,2744,0.37096,65,81,105.464,2,0.25,344.75,5.00464,1025.07401,58620
Pax5,128,0.39314,26,32,51.839,1,0.25,305.41667,4.76006,633.33476,22162
Znf148,4870,0.4114,111,189,152.066,1,0.25,373.58333,5.13622,4493.10542,308000
Maz,860,0.46837,106,148,139.832,5,0.25,366.75,5.09133,3911.82434,173910
Hes1,245,0.32443,41,65,90.53,1,0.2,322.11667,4.86997,679.03323,41128
Hes2,68,0.38255,23,40,62.478,1,0.2,305.28333,4.77245,148.38257,15234
Smad2,1175,0.40109,62,81,103.711,1,0.25,336.08333,4.93653,1789.72636,106678
Nfic,1818,0.45607,46,69,94.047,1,0.2,330.45,4.93498,625.82946,36918
Sox18,294,0.26639,49,64,73.14,4,0.25,328.91667,4.90093,2725.61496,97170
Sox13,45,0.37162,14,19,34.808,1,0.25,296.66667,4.71207,62.45585,5398
Sox17,642,0.48117,45,55,79.762,1,0.2,324.61667,4.8839,541.53356,29246
Sox2,81,0.23916,28,39,60.434,1,0.25,308.75,4.78793,279.75014,16056